[
  {
    "city": "New York",
    "rank": 1
  },
  {
    "city": "Los Angeles",
    "rank": 2
  },
  {
    "city": "Chicago",
    "rank": 3
  },
  {
    "city": "Philadelphia",
    "rank": 4
  },
  {
    "city": "Dallas-Fort Worth",
    "rank": 5
  },
  {
    "city": "San Francisco-Oakland-San Jose",
    "rank": 6
  },
  {
    "city": "Atlanta",
    "rank": 7
  },
  {
    "city": "Houston",
    "rank": 8
  },
  {
    "city": "Washington, D.C. (Hagerstown)",
    "rank": 9
  },
  {
    "city": "Boston (Manchester)",
    "rank": 10
  },
  {
    "city": "Phoenix (Prescott)",
    "rank": 11
  },
  {
    "city": "Seattle-Tacoma",
    "rank": 12
  },
  {
    "city": "Tampa-St. Petersburg (Sarasota)",
    "rank": 13
  },
  {
    "city": "Minneapolis-St. Paul",
    "rank": 14
  },
  {
    "city": "Detroit",
    "rank": 15
  },
  {
    "city": "Denver",
    "rank": 16
  },
  {
    "city": "Orlando-Daytona Beach-Melbourne",
    "rank": 17
  },
  {
    "city": "Miami-Fort Lauderdale",
    "rank": 18
  },
  {
    "city": "Cleveland-Akron (Canton)",
    "rank": 19
  },
  {
    "city": "Sacramento-Stockton-Modesto",
    "rank": 20
  },
  {
    "city": "Portland, OR",
    "rank": 21
  },
  {
    "city": "Charlotte",
    "rank": 22
  },
  {
    "city": "St. Louis",
    "rank": 23
  },
  {
    "city": "Raleigh-Durham (Fayetteville)",
    "rank": 24
  },
  {
    "city": "Indianapolis",
    "rank": 25
  },
  {
    "city": "Pittsburgh",
    "rank": 26
  },
  {
    "city": "San Diego",
    "rank": 27
  },
  {
    "city": "Baltimore",
    "rank": 28
  },
  {
    "city": "Nashville",
    "rank": 29
  },
  {
    "city": "Salt Lake City",
    "rank": 30
  },
  {
    "city": "San Antonio",
    "rank": 31
  },
  {
    "city": "Hartford & New Haven",
    "rank": 32
  },
  {
    "city": "Columbus, OH",
    "rank": 33
  },
  {
    "city": "Kansas City",
    "rank": 34
  },
  {
    "city": "Greenville-Spartanburg-Asheville-Anderson",
    "rank": 35
  },
  {
    "city": "Cincinnati",
    "rank": 36
  },
  {
    "city": "Milwaukee",
    "rank": 37
  },
  {
    "city": "Austin",
    "rank": 38
  },
  {
    "city": "West Palm Beach-Fort Pierce",
    "rank": 39
  },
  {
    "city": "Las Vegas",
    "rank": 40
  },
  {
    "city": "Grand Rapids-Kalamazoo-Battle Creek",
    "rank": 41
  },
  {
    "city": "Harrisburg-Lancaster-Lebanon-York",
    "rank": 42
  },
  {
    "city": "Jacksonville",
    "rank": 43
  },
  {
    "city": "Oklahoma City",
    "rank": 44
  },
  {
    "city": "Birmingham (Anniston and Tuscaloosa)",
    "rank": 45
  },
  {
    "city": "Norfolk-Portsmouth-Newport News",
    "rank": 46
  },
  {
    "city": "Greensboro-High Point-Winston-Salem",
    "rank": 47
  },
  {
    "city": "Albuquerque-Santa Fe",
    "rank": 48
  },
  {
    "city": "Louisville",
    "rank": 49
  },
  {
    "city": "New Orleans",
    "rank": 50
  },
  {
    "city": "Memphis",
    "rank": 51
  },
  {
    "city": "Providence-New Bedford",
    "rank": 52
  },
  {
    "city": "Buffalo",
    "rank": 53
  },
  {
    "city": "Fort Myers-Naples",
    "rank": 54
  },
  {
    "city": "Fresno-Visalia",
    "rank": 55
  },
  {
    "city": "Richmond-Petersburg",
    "rank": 56
  },
  {
    "city": "Mobile-Pensacola (Fort Walton Beach)",
    "rank": 57
  },
  {
    "city": "Wilkes Barre-Scranton-Hazleton",
    "rank": 58
  },
  {
    "city": "Little Rock-Pine Bluff",
    "rank": 59
  },
  {
    "city": "Albany-Schenectady-Troy",
    "rank": 60
  },
  {
    "city": "Tulsa",
    "rank": 61
  },
  {
    "city": "Knoxville",
    "rank": 62
  },
  {
    "city": "Lexington",
    "rank": 63
  },
  {
    "city": "Tucson (Sierra Vista)",
    "rank": 64
  },
  {
    "city": "Dayton",
    "rank": 65
  },
  {
    "city": "Spokane",
    "rank": 66
  },
  {
    "city": "Honolulu",
    "rank": 67
  },
  {
    "city": "Des Moines-Ames ",
    "rank": 68
  },
  {
    "city": "Green Bay-Appleton",
    "rank": 69
  },
  {
    "city": "Wichita-Hutchinson Plus",
    "rank": 70
  },
  {
    "city": "Roanoke-Lynchburg",
    "rank": 71
  },
  {
    "city": "Omaha",
    "rank": 72
  },
  {
    "city": "Flint-Saginaw-Bay City",
    "rank": 73
  },
  {
    "city": "Springfield, MO",
    "rank": 74
  },
  {
    "city": "Charleston-Huntington",
    "rank": 75
  },
  {
    "city": "Columbia, SC",
    "rank": 76
  },
  {
    "city": "Rochester, NY",
    "rank": 77
  },
  {
    "city": "Portland-Auburn",
    "rank": 78
  },
  {
    "city": "Huntsville-Decatur (Florence)",
    "rank": 79
  },
  {
    "city": "Toledo",
    "rank": 80
  },
  {
    "city": "Madison",
    "rank": 81
  },
  {
    "city": "Colorado Springs-Pueblo",
    "rank": 82
  },
  {
    "city": "Waco-Temple-Bryan",
    "rank": 83
  },
  {
    "city": "Paducah-Cape Girardeau-Harrisburg",
    "rank": 84
  },
  {
    "city": "Harlingen-Weslaco-Brownsville-McAllen",
    "rank": 85
  },
  {
    "city": "Shreveport-Texarkana",
    "rank": 86
  },
  {
    "city": "Syracuse",
    "rank": 87
  },
  {
    "city": "Chattanooga",
    "rank": 88
  },
  {
    "city": "Charleston, SC",
    "rank": 89
  },
  {
    "city": "Champaign & Springfield-Decatur",
    "rank": 90
  },
  {
    "city": "Savannah",
    "rank": 91
  },
  {
    "city": "Cedar Rapids-Waterloo-Iowa City & Dubuque",
    "rank": 92
  },
  {
    "city": "El Paso (Las Cruces)",
    "rank": 93
  },
  {
    "city": "Baton Rouge",
    "rank": 94
  },
  {
    "city": "Fort Smith-Fayetteville-Springdale-Rogers",
    "rank": 95
  },
  {
    "city": "Burlington-Plattsburgh",
    "rank": 96
  },
  {
    "city": "Jackson, MS",
    "rank": 97
  },
  {
    "city": "South Bend-Elkhart",
    "rank": 98
  },
  {
    "city": "Myrtle Beach-Florence",
    "rank": 99
  },
  {
    "city": "Tri-Cities, TN-VA",
    "rank": 100
  },
  {
    "city": "Boise",
    "rank": 101
  },
  {
    "city": "Greenville-New Bern-Washington",
    "rank": 102
  },
  {
    "city": "Davenport-Rock Island-Moline",
    "rank": 103
  },
  {
    "city": "Reno",
    "rank": 104
  },
  {
    "city": "Lincoln & Hastings-Kearney",
    "rank": 105
  },
  {
    "city": "Evansville",
    "rank": 106
  },
  {
    "city": "Johnstown-Altoona-State College",
    "rank": 107
  },
  {
    "city": "Tallahassee-Thomasville",
    "rank": 108
  },
  {
    "city": "Sioux Falls (Mitchell)",
    "rank": 109
  },
  {
    "city": "Tyler-Longview (Lufkin & Nacogdoches)",
    "rank": 110
  },
  {
    "city": "Fort Wayne",
    "rank": 111
  },
  {
    "city": "Augusta-Aiken",
    "rank": 112
  },
  {
    "city": "Eugene",
    "rank": 113
  },
  {
    "city": "Fargo",
    "rank": 114
  },
  {
    "city": "Lansing",
    "rank": 115
  },
  {
    "city": "Springfield-Holyoke",
    "rank": 116
  },
  {
    "city": "Yakima-Pasco-Richland-Kennewick",
    "rank": 117
  },
  {
    "city": "Traverse City-Cadillac",
    "rank": 118
  },
  {
    "city": "Youngstown",
    "rank": 119
  },
  {
    "city": "Macon",
    "rank": 120
  },
  {
    "city": "Santa Barbara-Santa Maria-San Luis Obispo",
    "rank": 121
  },
  {
    "city": "Lafayette, LA",
    "rank": 122
  },
  {
    "city": "Peoria-Bloomington",
    "rank": 123
  },
  {
    "city": "Monterey-Salinas",
    "rank": 124
  },
  {
    "city": "Bakersfield",
    "rank": 125
  },
  {
    "city": "Montgomery-Selma",
    "rank": 126
  },
  {
    "city": "Columbus, GA",
    "rank": 127
  },
  {
    "city": "Wilmington, NC",
    "rank": 128
  },
  {
    "city": "La Crosse-Eau Claire",
    "rank": 129
  },
  {
    "city": "Corpus Christi",
    "rank": 130
  },
  {
    "city": "Amarillo",
    "rank": 131
  },
  {
    "city": "Chico-Redding",
    "rank": 132
  },
  {
    "city": "Columbus-Tupelo-West Point-Houston",
    "rank": 133
  },
  {
    "city": "Medford-Klamath Falls",
    "rank": 134
  },
  {
    "city": "Columbia-Jefferson City",
    "rank": 135
  },
  {
    "city": "Wausau-Rhinelander",
    "rank": 136
  },
  {
    "city": "Salisbury",
    "rank": 137
  },
  {
    "city": "Odessa-Midland",
    "rank": 138
  },
  {
    "city": "Rockford",
    "rank": 139
  },
  {
    "city": "Duluth-Superior",
    "rank": 140
  },
  {
    "city": "Minot-Bismarck-Dickinson (Williston)",
    "rank": 141
  },
  {
    "city": "Topeka",
    "rank": 142
  },
  {
    "city": "Monroe-El Dorado",
    "rank": 143
  },
  {
    "city": "Beaumont-Port Arthur",
    "rank": 144
  },
  {
    "city": "Lubbock",
    "rank": 145
  },
  {
    "city": "Palm Springs",
    "rank": 146
  },
  {
    "city": "Anchorage",
    "rank": 147
  },
  {
    "city": "Sioux City",
    "rank": 148
  },
  {
    "city": "Wichita Falls & Lawton",
    "rank": 149
  },
  {
    "city": "Rochester-Mason City-Austin",
    "rank": 150
  },
  {
    "city": "Erie",
    "rank": 151
  },
  {
    "city": "Joplin-Pittsburg",
    "rank": 152
  },
  {
    "city": "Panama City",
    "rank": 153
  },
  {
    "city": "Albany, GA",
    "rank": 154
  },
  {
    "city": "Bangor",
    "rank": 155
  },
  {
    "city": "Terre Haute",
    "rank": 156
  },
  {
    "city": "Biloxi-Gulfport",
    "rank": 157
  },
  {
    "city": "Idaho Falls-Pocatello (Jackson)",
    "rank": 158
  },
  {
    "city": "Sherman-Ada",
    "rank": 159
  },
  {
    "city": "Gainesville",
    "rank": 160
  },
  {
    "city": "Missoula",
    "rank": 161
  },
  {
    "city": "Binghamton",
    "rank": 162
  },
  {
    "city": "Wheeling-Steubenville",
    "rank": 163
  },
  {
    "city": "Bluefield-Beckley-Oak Hill",
    "rank": 164
  },
  {
    "city": "Abilene-Sweetwater",
    "rank": 165
  },
  {
    "city": "Yuma-El Centro",
    "rank": 166
  },
  {
    "city": "Billings",
    "rank": 167
  },
  {
    "city": "Hattiesburg-Laurel",
    "rank": 168
  },
  {
    "city": "Rapid City",
    "rank": 169
  },
  {
    "city": "Clarksburg-Weston",
    "rank": 170
  },
  {
    "city": "Utica",
    "rank": 171
  },
  {
    "city": "Dothan",
    "rank": 172
  },
  {
    "city": "Lake Charles",
    "rank": 173
  },
  {
    "city": "Quincy-Hannibal-Keokuk",
    "rank": 174
  },
  {
    "city": "Jackson, TN",
    "rank": 175
  },
  {
    "city": "Harrisonburg",
    "rank": 176
  },
  {
    "city": "Charlottesville",
    "rank": 177
  },
  {
    "city": "Elmira (Corning)",
    "rank": 178
  },
  {
    "city": "Bowling Green",
    "rank": 179
  },
  {
    "city": "Watertown",
    "rank": 180
  },
  {
    "city": "Alexandria, LA",
    "rank": 181
  },
  {
    "city": "Jonesboro",
    "rank": 182
  },
  {
    "city": "Marquette",
    "rank": 183
  },
  {
    "city": "Bend, OR",
    "rank": 184
  },
  {
    "city": "Butte-Bozeman",
    "rank": 185
  },
  {
    "city": "Laredo",
    "rank": 186
  },
  {
    "city": "Grand Junction-Montrose",
    "rank": 187
  },
  {
    "city": "Lafayette, IN",
    "rank": 188
  },
  {
    "city": "Twin Falls",
    "rank": 189
  },
  {
    "city": "Lima",
    "rank": 190
  },
  {
    "city": "Meridian",
    "rank": 191
  },
  {
    "city": "Great Falls",
    "rank": 192
  },
  {
    "city": "Eureka",
    "rank": 193
  },
  {
    "city": "Parkersburg",
    "rank": 194
  },
  {
    "city": "Cheyenne-Scottsbluff",
    "rank": 195
  },
  {
    "city": "Greenwood-Greenville",
    "rank": 196
  },
  {
    "city": "San Angelo",
    "rank": 197
  },
  {
    "city": "Casper-Riverton",
    "rank": 198
  },
  {
    "city": "Mankato",
    "rank": 199
  },
  {
    "city": "Ottumwa-Kirksville",
    "rank": 200
  },
  {
    "city": "St. Joseph",
    "rank": 201
  },
  {
    "city": "Fairbanks",
    "rank": 202
  },
  {
    "city": "Zanesville",
    "rank": 203
  },
  {
    "city": "Victoria",
    "rank": 204
  },
  {
    "city": "Helena",
    "rank": 205
  },
  {
    "city": "Presque Isle",
    "rank": 206
  },
  {
    "city": "Juneau",
    "rank": 207
  },
  {
    "city": "Alpena",
    "rank": 208
  },
  {
    "city": "North Platte",
    "rank": 209
  },
  {
    "city": "Glendive",
    "rank": 210
  }
]
