{
  "name": "dc-web",
  "version": "0.0.0",
  "scripts": {
    "ng": "ng",
    "start": "ng serve",
    "build": "ng build",
    "test": "ng test",
    "lint": "ng lint",
    "e2e": "ng e2e"
  },
  "private": true,
  "dependencies": {
<<<<<<< HEAD
    "@angular/animations": "~9.1.0",
    "@angular/common": "~9.1.0",
    "@angular/compiler": "~9.1.0",
    "@angular/core": "^9.1.0",
    "@angular/forms": "~9.1.0",
    "@angular/platform-browser": "~9.1.0",
    "@angular/platform-browser-dynamic": "~9.1.0",
    "@angular/router": "~9.1.0",
    "angular-io-datepicker": "^1.3.1",
    "aws-sdk": "^2.653.0",
    "body-parser": "^1.19.0",
    "bootstrap": "^4.4.1",
    "core-js": "^3.6.4",
    "cors": "^2.8.5",
    "express": "^4.17.1",
    "jquery": "^3.4.1",
    "killtree": "0.0.2",
    "popper.js": "^1.16.1",
    "resolve-url-loader": "^3.1.1",
    "rxjs": "~6.5.5",
    "tree-kill": "^1.2.2",
    "tslib": "^1.11.1",
    "zone.js": "^0.10.3"
  },
  "devDependencies": {
    "@angular-devkit/build-angular": "^0.901.0",
    "@angular/cli": "^9.1.0",
    "@angular/compiler-cli": "~9.1.0",
    "@angular/language-service": "~9.1.0",
    "@types/jasmine": "^3.5.10",
    "@types/jasminewd2": "^2.0.8",
    "@types/node": "~13.11.0",
    "codelyzer": "^5.2.2",
    "jasmine-core": "~3.5.0",
    "jasmine-spec-reporter": "~5.0.1",
    "karma": "~4.4.1",
    "karma-chrome-launcher": "~3.1.0",
    "karma-cli": "^2.0.0",
    "karma-coverage-istanbul-reporter": "^2.1.1",
    "karma-jasmine": "~3.1.1",
    "karma-jasmine-html-reporter": "^1.5.3",
    "protractor": "~5.4.3",
    "tether": "^1.4.7",
    "ts-node": "~8.8.1",
    "tslint": "~6.1.1",
    "typescript": "^3.8.3"
=======
    "@angular/animations": "~8.0.3",
    "@angular/common": "~8.0.3",
    "@angular/compiler": "~8.0.3",
    "@angular/core": "~8.0.3",
    "@angular/forms": "~8.0.3",
    "@angular/platform-browser": "~8.0.3",
    "@angular/platform-browser-dynamic": "~8.0.3",
    "@angular/router": "~8.0.3",
    "angular-io-datepicker": "^1.3.1",
    "bootstrap": "^4.3.1",
    "core-js": "^3.3.4",
    "cors": "^2.8.5",
    "jquery": "^3.4.1",
    "popper.js": "^1.16.0",
    "resolve-url-loader": "^3.1.0",
    "rxjs": "~6.4.0",
    "tslib": "^1.9.0",
    "zone.js": "~0.9.1"
  },
  "devDependencies": {
    "@angular-devkit/build-angular": "~0.800.6",
    "@angular/cli": "~8.0.6",
    "@angular/compiler-cli": "~8.0.3",
    "@angular/language-service": "~8.0.3",
    "@types/jasmine": "^3.3.16",
    "@types/jasminewd2": "^2.0.8",
    "@types/node": "~8.9.4",
    "codelyzer": "^5.2.0",
    "jasmine-core": "~3.4.0",
    "jasmine-spec-reporter": "~4.2.1",
    "karma": "~4.1.0",
    "karma-chrome-launcher": "~2.2.0",
    "karma-cli": "^2.0.0",
    "karma-coverage-istanbul-reporter": "^2.0.6",
    "karma-jasmine": "~2.0.1",
    "karma-jasmine-html-reporter": "^1.4.0",
    "protractor": "~5.4.0",
    "tether": "^1.4.7",
    "ts-node": "~7.0.0",
    "tslint": "~5.15.0",
    "typescript": "~3.4.3"
>>>>>>> f9d2b692dec52279ab0a81a23ad937cc38a89056
  }
}
